id,influencer_id,url,post,follower,like,comment,react_rate,desire_to_mimic,sWOM,purchase_intention
1,0,https://instagram.com/joganghwa,26,115311,34707,695,0.005060657,,,
2,1,https://instagram.com/suerte02,19,110488,18467,283,0.003827858,,,
3,2,https://instagram.com/richeunha,40,102672,40596,170,0.004254116,,,
4,3,https://instagram.com/yui_zzang_kang,17,96854,2706,78,0.000724646,,,
5,6,https://instagram.com/kimsang90,12,96194,0,0,0,,,
6,7,https://instagram.com/ssomin__lee,19,97891,15334,59,0.00354691,,,
7,8,https://instagram.com/shj0154,64,105817,59120,1719,0.003850081,,,
8,9,https://instagram.com/jeiannsj,48,97000,53514,743,0.004994201,,,
9,13,https://instagram.com/qtd___,57,333878,198379,4017,0.004557876,,,
10,15,https://instagram.com/9494_ho,28,93669,1235,3,0.000202297,,,
11,16,https://instagram.com/p_kangaroo,1,79251,0,0,0,,,
12,18,https://instagram.com/chul2gram,46,93622,28968,651,0.002947527,,,
13,20,https://instagram.com/stephany.02.28_official_,3,5,15,20,1,,,
14,22,https://instagram.com/h_double_o_n,32,129987,54008,1209,0.005689133,,,
15,23,https://instagram.com/soobakc83,12,92420,7203,70,0.002810539,,,
16,26,https://instagram.com/seoji72,34,108459,46123,1187,0.005498341,,,
17,28,https://instagram.com/ekfgo90,2,88381,2266,2,0.005498919,,,
18,31,https://instagram.com/elly0126,22,85064,9134,206,0.002138955,,,
19,32,https://instagram.com/kimyamjeon,37,82311,24220,157,0.003430393,,,
20,36,https://instagram.com/yomooly,8,88729,8693,34,0.005269054,,,
21,37,https://instagram.com/k__mwsister,14,90479,5800,175,0.002021554,,,
22,43,https://instagram.com/s1091717,40,104491,36814,854,0.003862397,,,
23,46,https://instagram.com/angkkosarang,46,10455,11298,32,0.010096509,,,
24,50,https://instagram.com/hhh_jinly,11,10625,2705,108,0.01031505,,,
25,51,https://instagram.com/smjh416,5,16033,105,7,0.000598765,,,
26,56,https://instagram.com/soojeong0525,13,20133,1827,38,0.003053868,,,
27,57,https://instagram.com/plp._.plp,1,9558,29,0,0.001300332,,,
28,58,https://instagram.com/photo_ara,2,9975,277,3,0.006015038,,,
29,60,https://instagram.com/mixmansion,43,10555,4300,347,0.004388026,,,
30,61,https://instagram.com/nanikkahiphee,10,9872,1195,59,0.005443969,,,
31,64,https://instagram.com/naya_lemi,3,11221,79,4,0.001056692,,,
32,71,https://instagram.com/sophyteacher_,33,9850,9147,27,0.012095722,,,
33,72,https://instagram.com/threesunmami,33,8746,1815,479,0.003406381,,,
34,74,https://instagram.com/rini_room_,18,7997,3271,69,0.009944205,,,
35,78,https://instagram.com/daramgyang,10,8537,1533,43,0.007911779,,,
36,79,https://instagram.com/boongboong2_e,35,14987,12437,519,0.010585501,,,
37,84,https://instagram.com/lovely_beh,1575,13260,110775,2183,0.002318014,,,
38,86,https://instagram.com/phyuriring,3,7876,2186,35,0.040285134,,,
39,87,https://instagram.com/berkin__kael,13,9266,2916,64,0.010602391,,,
40,91,https://instagram.com/ain_ayoon_ppa,5,8454,1543,5,0.015695022,,,
41,92,https://instagram.com/oangel79,41,9346,5877,26,0.006602165,,,
42,94,https://instagram.com/mimism_v,60,12024,28003,174,0.016738547,,,
43,96,https://instagram.com/ajaegag,18,13322,11446,2012,0.024052588,,,
44,99,https://instagram.com/hu2nee,57,11752,49286,1214,0.03230933,,,
45,101,https://instagram.com/senna_yum,3,12823,607,54,0.007364,,,
46,106,https://instagram.com/y__silri,10,9572,6940,957,0.035357591,,,
47,109,https://instagram.com/chan_i666,1,8540,117,6,0.006172633,,,
48,110,https://instagram.com/94wooks_,29,41619,41758,468,0.014993862,,,
49,121,https://instagram.com/6gdam,4,16098,2745,204,0.019627549,,,
50,127,https://instagram.com/cho1one2,4,9055,1619,32,0.019535379,,,
51,133,https://instagram.com/muk_boooo,31,12320,10349,2164,0.01404146,,,
52,138,https://instagram.com/nora_0107_j,1,4990,29,3,0.002748354,,,
53,139,https://instagram.com/hajji0713,19,9331,2265,189,0.005932203,,,
54,141,https://instagram.com/life_onepunch,88,21469,57634,1208,0.013347999,,,
55,155,https://instagram.com/suwon_multi_gym,27,8755,700,26,0.001316255,,,
56,162,https://instagram.com/golf__pink,85,17874,29089,815,0.008435519,,,
57,163,https://instagram.com/gorgeous.ms,7,8910,1566,11,0.010836254,,,
58,166,https://instagram.com/hee_kang_03,4,8958,1573,68,0.019627308,,,
59,171,https://instagram.com/neeyange,5,8889,1091,29,0.010799865,,,
60,172,https://instagram.com/selene.luz_,1,9105,513,18,0.024994116,,,
61,173,https://instagram.com/sa_tangtang,3,8789,289,38,0.005315085,,,
62,176,https://instagram.com/ddoyeon2_e,1164,118066,1274120,23486,0.004046581,,,
63,179,https://instagram.com/yun_now,366,99987,509491,11039,0.006095992,,,
64,187,https://instagram.com/beomitube,29,88513,89150,703,0.015002054,,,
65,190,https://instagram.com/you_and_zin,11,87850,61833,542,0.027663003,,,
66,192,https://instagram.com/atasirasiku,17,86322,13152,133,0.003879845,,,
67,194,https://instagram.com/jjuya2004,55,86123,16671,429,0.001547168,,,
68,195,https://instagram.com/ggung_y,110,90206,36571,376,0.001595785,,,
69,198,https://instagram.com/mkhiya1,29,105616,21889,476,0.003129424,,,
70,199,https://instagram.com/y__eon2,60,74811,82102,1522,0.007984311,,,
71,201,https://instagram.com/1004lmr,14,98271,14768,198,0.004662035,,,
72,203,https://instagram.com/vividsian,6,71486,12542,176,0.012707783,,,
73,208,https://instagram.com/molynmom,21,82994,13785,1254,0.003698079,,,
74,210,https://instagram.com/ghdduwls80,2363,82327,315803,5385,0.000707582,,,
75,212,https://instagram.com/yangsisters3133,20,81174,18549,278,0.004970012,,,
76,214,https://instagram.com/5_hoon,1,77608,6416,8,0.035474988,,,
77,217,https://instagram.com/a________n.k,37,105038,82805,2115,0.009364509,,,
78,219,https://instagram.com/flora9ys,135,108714,97456,2265,0.002911995,,,
79,228,https://instagram.com/wisemom1,3,8642,53,2,0.000909181,,,
80,229,https://instagram.com/youn_xo,8,8635,5927,82,0.037279758,,,
81,230,https://instagram.com/11dubu,3,10659,349,23,0.004985726,,,
82,233,https://instagram.com/isunnyou,4,8515,1862,140,0.02519084,,,
83,234,https://instagram.com/happy.ioi,6,8810,264,5,0.002180963,,,
84,236,https://instagram.com/insta_tatata_ta,53,53604,130201,1502,0.019867619,,,
85,238,https://instagram.com/rena_ssong,31,10157,14142,1032,0.020653618,,,
86,242,https://instagram.com/uhehiho,17,8379,2801,37,0.008538754,,,
87,243,https://instagram.com/nul._.e,46,11028,15059,819,0.013414189,,,
88,244,https://instagram.com/hsw6767,24,10377,25082,1975,0.046560732,,,
89,246,https://instagram.com/cocoggg_,10,8510,1747,53,0.009064966,,,
90,247,https://instagram.com/yeji_0414,22,10148,5422,510,0.011387312,,,
91,253,https://instagram.com/kimilimiii,24,8847,3262,319,0.007228035,,,
92,254,https://instagram.com/y_oung_he_e,33,10298,6801,343,0.009009441,,,
93,259,https://instagram.com/honey__y_,2,8076,878,17,0.023747612,,,
94,260,https://instagram.com/elmo_vibes,61,11226,27643,573,0.017658906,,,
95,263,https://instagram.com/im_ssong1201,21,8535,4667,90,0.011374532,,,
96,264,https://instagram.com/callmexxwoo,3,8389,943,24,0.016467142,,,
97,266,https://instagram.com/0_k.yeong,1,10224,163,12,0.007335681,,,
98,274,https://instagram.com/thank_u_jj,51,9169,3350,54,0.003119756,,,
99,19xx.07.27,https://instagram.com/19xx.07.27,52,102542,46659,202,0.003766428,,,
100,yeorector,https://instagram.com/yeorector,13,27325,6269,377,0.008018258,,,
101,s.shin_,https://instagram.com/s.shin_,4,30413,5136,220,0.018868811,,,
102,sub.nnn,https://instagram.com/sub.nnn,15,30169,2805,31,0.002685822,,,
103,heevly_zzang,https://instagram.com/heevly_zzang,2,28290,228,5,0.001764884,,,
104,jessfit_vibes,https://instagram.com/jessfit_vibes,27,4078,3352,145,0.013611559,,,
105,l_o_f_f_l_e,https://instagram.com/l_o_f_f_l_e,4,3850,1012,76,0.030278293,,,
106,scarlet__0312,https://instagram.com/scarlet__0312,53,4370,14486,364,0.027478458,,,
107,dasomleegolf,https://instagram.com/dasomleegolf,5,4031,419,19,0.009313534,,,
108,fooodzoooa,https://instagram.com/fooodzoooa,6,4552,1040,40,0.016947025,,,
109,ppaseojin_,https://instagram.com/ppaseojin_,10,4478,2064,50,0.020232247,,,
110,l0v2n0w,https://instagram.com/l0v2n0w,14,4813,2672,174,0.018101485,,,
111,d_ainnnn,https://instagram.com/d_ainnnn,26,10150,32996,595,0.054551508,,,
112,unxbrilliantxg,https://instagram.com/unxbrilliantxg,8,101,281,38,0.169200849,,,
113,gndr_official,https://instagram.com/gndr_official,35,4012,982,146,0.003442733,,,
114,jyofficial,https://instagram.com/jyofficial,5,3973,869,37,0.019546223,,,
115,yeccini,https://instagram.com/yeccini,1,5588,340,40,0.029144084,,,
116,lovely__tom,https://instagram.com/lovely__tom,8,3279,628,23,0.010635865,,,
117,ohyoanna,https://instagram.com/ohyoanna,7,8244,4620,261,0.036248997,,,
118,_ddururu_,https://instagram.com/_ddururu_,17,5104,6462,370,0.03374516,,,
119,bible_s_k,https://instagram.com/bible_s_k,14,6385,10540,438,0.052632925,,,
120,sarossaem,https://instagram.com/sarossaem,27,3778,1789,96,0.007919702,,,
121,hot_chu,https://instagram.com/hot_chu,23,10204,13780,1209,0.027371436,,,
122,_eune_k,https://instagram.com/_eune_k,8,4959,4337,819,0.055699594,,,
123,comely_min_,https://instagram.com/comely_min_,3,2443,362,17,0.022162447,,,
124,aahyun.z,https://instagram.com/aahyun.z,5,3808,1609,27,0.03682473,,,
125,3kk_min17,https://instagram.com/3kk_min17,13,5981,6338,122,0.035607262,,,
126,beloved_bini,https://instagram.com/beloved_bini,15,7277,13243,977,0.055831485,,,
127,aahyun.z,https://instagram.com/aahyun.z,5,3808,1609,27,0.03682473,,,
128,muk_oning,https://instagram.com/muk_oning,5,4999,1419,91,0.025890892,,,
129,hang_bok2,https://instagram.com/hang_bok2,23,6213,4269,459,0.014179845,,,
130,eunseo_63,https://instagram.com/eunseo_63,16,3799,1595,70,0.011739462,,,
131,mami_yoondaeng,https://instagram.com/mami_yoondaeng,64,5154,13623,1689,0.019894395,,,
132,purunhaessal,https://instagram.com/purunhaessal,8,4162,586,71,0.008456614,,,
133,ujiwanny,https://instagram.com/ujiwanny,3,3845,345,7,0.013078209,,,
134,creativeyeon,https://instagram.com/creativeyeon,12,10106,1163,16,0.004166549,,,
135,soorny_,https://instagram.com/soorny_,6,3737,1893,44,0.037023587,,,
136,yuri._.2ee,https://instagram.com/yuri._.2ee,19,22707,21398,505,0.021757724,,,
137,chn_0128,https://instagram.com/chn_0128,6,3336,438,48,0.010405961,,,
138,ariiiyun,https://instagram.com/ariiiyun,57,3906,5310,120,0.010452398,,,
139,polo7712,https://instagram.com/polo7712,3,3841,245,11,0.00952133,,,
140,kkaebiworld,https://instagram.com/kkaebiworld,46,4179,10174,1336,0.02566069,,,
141,__yum_s_cook,https://instagram.com/__yum_s_cook,24,4877,8508,736,0.03384692,,,
142,yoby_house,https://instagram.com/yoby_house,42,7403,17415,3549,0.028896173,,,
143,rhtkdals1,https://instagram.com/rhtkdals1,1,7100,377,27,0.024386318,,,
144,lavv_lavv_,https://instagram.com/lavv_lavv_,24,3695,3891,151,0.019534119,,,
145,eunpang__,https://instagram.com/eunpang__,5,3694,146,13,0.00368938,,,
146,bongzamom,https://instagram.com/bongzamom,2,3636,121,6,0.007484677,,,
147,suan_95,https://instagram.com/suan_95,7,3543,564,13,0.009970796,,,
148,yebiny16,https://instagram.com/yebiny16,2,3461,254,15,0.016654972,,,
149,precios___o,https://instagram.com/precios___o,5,3397,594,13,0.015316035,,,
150,jigum_daily,https://instagram.com/jigum_daily,7,3451,302,8,0.005499737,,,
151,daa_bean,https://instagram.com/daa_bean,11,4532,4559,125,0.040267764,,,
152,noeyheat9,https://instagram.com/noeyheat9,17,3714,5670,99,0.039159121,,,
153,blackmaster.leader,https://instagram.com/blackmaster.leader,3,4081,911,22,0.032660062,,,
154,_hana_89,https://instagram.com/_hana_89,47,3295,2519,192,0.007502387,,,
155,ayul_v,https://instagram.com/ayul_v,5,3799,485,70,0.012522092,,,
156,theclearhigh,https://instagram.com/theclearhigh,4,3112,86,10,0.003305178,,,
157,sienna_ming,https://instagram.com/sienna_ming,14,3902,2814,154,0.023284762,,,
158,juls.english,https://instagram.com/juls.english,15,3257,1389,23,0.012386508,,,
159,kisun_2,https://instagram.com/kisun_2,1,8163,269,3,0.014280464,,,
160,j_won._.1205,https://instagram.com/j_won._.1205,5,4349,8200,145,0.164471307,,,
161,dy_160cm,https://instagram.com/dy_160cm,8,3448,442,15,0.007100389,,,
162,feel8174,https://instagram.com/feel8174,117,19646,2926,199,0.000582657,,,
163,sweet_j_story,https://instagram.com/sweet_j_story,35,3868,6581,117,0.021203807,,,
164,bbo_1030,https://instagram.com/bbo_1030,1,3753,0,0,0,,,
165,my.binnn,https://instagram.com/my.binnn,43,3704,3572,74,0.00981071,,,
166,skylove089,https://instagram.com/skylove089,44,4067,5719,702,0.015377971,,,
167,_matketer_365,https://instagram.com/_matketer_365,1,3478,204,25,0.028218188,,,
168,goldmir0416,https://instagram.com/goldmir0416,15,3469,812,62,0.007198452,,,
169,bavely_bbr,https://instagram.com/bavely_bbr,13,3490,3680,1371,0.047712459,,,
170,krisutaru,https://instagram.com/krisutaru,7,2949,133,7,0.002906554,,,
171,jijjuya,https://instagram.com/jijjuya,10,4139,1271,68,0.013864633,,,
172,_yejinius_,https://instagram.com/_yejinius_,60,3443,2568,176,0.00569271,,,
173,haedy__,https://instagram.com/haedy__,24,11954,8194,374,0.012799063,,,
174,hyobineee,https://instagram.com/hyobineee,1,10755,939,5,0.037617055,,,
175,realisodyome,https://instagram.com/realisodyome,3,3520,363,21,0.015584416,,,
176,4freedrink,https://instagram.com/4freedrink,5,4288,2124,42,0.043296908,,,
177,chloe__jh,https://instagram.com/chloe__jh,15,3254,1828,58,0.016559838,,,
178,lepontmirabeau,https://instagram.com/lepontmirabeau,4,3306,1687,92,0.057654913,,,
179,ps_life_star,https://instagram.com/ps_life_star,2,3963,394,13,0.022007137,,,
180,dani_._.1,https://instagram.com/dani_._.1,29,5719,10394,3301,0.035388908,,,
181,ariel6383,https://instagram.com/ariel6383,6,3402,982,88,0.022465776,,,
182,teacher_bae,https://instagram.com/teacher_bae,23,3604,12079,226,0.063619788,,,
183,sieun__28,https://instagram.com/sieun__28,2,3460,901,19,0.056977704,,,
184,huttulee,https://instagram.com/huttulee,26,3381,4889,137,0.024503447,,,
185,gwakgrandmere,https://instagram.com/gwakgrandmere,10,287,804,65,0.129766053,,,
186,____o_o.b____,https://instagram.com/____o_o.b____,20,3989,9375,150,0.051167496,,,
187,bboducci.528,https://instagram.com/bboducci.528,5,3709,2241,122,0.054608481,,,
188,nana__chu__,https://instagram.com/nana__chu__,4,3353,188,21,0.006678454,,,
189,ps_life_star,https://instagram.com/ps_life_star,2,3963,394,13,0.022007137,,,
190,ashleedrinkswine,https://instagram.com/ashleedrinkswine,21,4028,8739,278,0.045685305,,,
191,h._.woo_o,https://instagram.com/h._.woo_o,28,13578,9186,207,0.010588482,,,
192,ruby0819,https://instagram.com/ruby0819,14,3387,2322,197,0.022767123,,,
193,daily55record,https://instagram.com/daily55record,14,3345,760,20,0.007138281,,,
194,awhnusos,https://instagram.com/awhnusos,9,3451,899,25,0.012749928,,,
195,e.dahyee,https://instagram.com/e.dahyee,9,3397,3702,211,0.054852321,,,
196,caecilia_moon,https://instagram.com/caecilia_moon,3,2530,233,8,0.013608131,,,
197,monicaaa__j,https://instagram.com/monicaaa__j,7,3322,2823,145,0.054700267,,,
198,baa_soda,https://instagram.com/baa_soda,2,3139,433,26,0.03133391,,,
199,annjuhyung,https://instagram.com/annjuhyung,19,3572,3171,329,0.022101727,,,
200,romantic_minseo,https://instagram.com/romantic_minseo,15,3289,876,57,0.008104939,,,
201,hhxx1__,https://instagram.com/hhxx1__,1,175,0,0,0,,,
202,154.55555,https://instagram.com/154.55555,35,4631,13627,898,0.038405775,,,
203,sx_yxxn_mat.zip,https://instagram.com/sx_yxxn_mat.zip,1,4078,207,26,0.024486793,,,
204,sunny_soosoo,https://instagram.com/sunny_soosoo,19,3438,7991,992,0.058936609,,,
205,orosi_littlegirl,https://instagram.com/orosi_littlegirl,45,3860,2936,171,0.007665926,,,
206,s0ngjina,https://instagram.com/s0ngjina,77,5031,37799,14473,0.057829214,,,
207,barbie.342434,https://instagram.com/barbie.342434,3,3991,223,16,0.008554963,,,
208,sssu_a_a,https://instagram.com/sssu_a_a,2,11224,441,11,0.008629467,,,
209,very_very_sally,https://instagram.com/very_very_sally,11,3746,2820,349,0.032959832,,,
210,formybaby.yul,https://instagram.com/formybaby.yul,45,3957,6578,1299,0.018958566,,,
211,eunvely_lovely,https://instagram.com/eunvely_lovely,16,3196,1968,215,0.018295749,,,
212,haemiiiiiiiii,https://instagram.com/haemiiiiiiiii,9,3446,1692,80,0.024486637,,,
213,howdy_y_all,https://instagram.com/howdy_y_all,9,3319,1611,115,0.024763626,,,
214,mr.heartsmith,https://instagram.com/mr.heartsmith,1,3234,167,3,0.022528492,,,
215,hhsuuuu,https://instagram.com/hhsuuuu,21,5296,8483,403,0.034242247,,,
216,_geniessong_,https://instagram.com/_geniessong_,20,3518,3841,64,0.023785836,,,
217,__seoye__,https://instagram.com/__seoye__,5,3902,668,27,0.015266896,,,
218,weekndhome,https://instagram.com/weekndhome,1,3198,85,4,0.011927097,,,
219,sunae.song,https://instagram.com/sunae.song,44,3885,2949,44,0.007503886,,,
220,linen_table,https://instagram.com/linen_table,25,5405,7110,1050,0.025880798,,,
221,sunnyj806,https://instagram.com/sunnyj806,1,5596,1847,166,0.154166241,,,
222,positive_hong,https://instagram.com/positive_hong,9,3464,1685,36,0.023658309,,,
223,_eunha.k,https://instagram.com/_eunha.k,12,567,599,67,0.041950113,,,
224,chubby_super,https://instagram.com/chubby_super,33,3637,4356,232,0.016382847,,,
225,ato_._._,https://instagram.com/ato_._._,3,3166,288,53,0.015386698,,,
226,chy_6611,https://instagram.com/chy_6611,8,3067,339,53,0.006847082,,,
227,lani_hong,https://instagram.com/lani_hong,13,3475,3143,430,0.033896751,,,
228,zo_o.0727,https://instagram.com/zo_o.0727,21,3676,4920,174,0.028280518,,,
229,poledancer_ellycat,https://instagram.com/poledancer_ellycat,10,3183,1768,85,0.024949509,,,
230,vincentaas,https://instagram.com/vincentaas,1,2742,35,0,0.00547046,,,
231,im.heena.im,https://instagram.com/im.heena.im,1,3106,49,4,0.007313035,,,
232,na1_zzi,https://instagram.com/na1_zzi,16,3656,5975,83,0.044383987,,,
233,_donot_gg,https://instagram.com/_donot_gg,5,2634,78,0,0.002538236,,,
234,oinks_picks,https://instagram.com/oinks_picks,2,5266,888,164,0.042808312,,,
235,eun_a0502,https://instagram.com/eun_a0502,6,3088,716,55,0.017834012,,,
236,ererererz,https://instagram.com/ererererz,4,3104,543,29,0.019744109,,,
237,_beauty_of_mine_,https://instagram.com/_beauty_of_mine_,58,4469,20494,594,0.034867456,,,
238,byeori___star,https://instagram.com/byeori___star,9,3467,1036,54,0.014971088,,,
239,janestagram1,https://instagram.com/janestagram1,2,3108,243,2,0.016891892,,,
240,kakawesome,https://instagram.com/kakawesome,3,3062,500,39,0.025146963,,,
241,sennhholic,https://instagram.com/sennhholic,3,5581,705,49,0.019300177,,,
242,yehbbeuda,https://instagram.com/yehbbeuda,36,10188,3438,189,0.004238179,,,
243,yerang91,https://instagram.com/yerang91,1,3159,140,2,0.019264686,,,
244,therapist_the_j,https://instagram.com/therapist_the_j,59,4914,9953,1061,0.016281002,,,
245,ddaattss_,https://instagram.com/ddaattss_,11,2878,70,1,0.000961165,,,
246,yena0405,https://instagram.com/yena0405,4,10343,1761,27,0.018521844,,,
247,zl_f_0717,https://instagram.com/zl_f_0717,6,3125,232,41,0.00624,,,
248,mushamash_salgu,https://instagram.com/mushamash_salgu,3,3370,1234,151,0.058711318,,,
249,_izzy_bby,https://instagram.com/_izzy_bby,23,3271,2802,196,0.017078372,,,
250,xxsadgirl666xx,https://instagram.com/xxsadgirl666xx,75,8955,25448,436,0.01651687,,,
251,minjung_mom,https://instagram.com/minjung_mom,18,3166,2690,148,0.021342839,,,
252,mugong_unnie,https://instagram.com/mugong_unnie,1,2595,19,0,0.003137903,,,
253,hina.pink_zio,https://instagram.com/hina.pink_zio,41,2909,1962,118,0.007474101,,,
254,yomi._.yom_,https://instagram.com/yomi._.yom_,1,5973,117,15,0.009471192,,,
255,_yun_e_,https://instagram.com/_yun_e_,1,2951,394,9,0.058527376,,,
256,_yul_bebe,https://instagram.com/_yul_bebe,3,3063,118,10,0.005969871,,,
257,live_y0urself_,https://instagram.com/live_y0urself_,30,3585,8590,1492,0.040175334,,,
258,ghdalsww,https://instagram.com/ghdalsww,6,3886,577,34,0.011230792,,,
259,muk_luna,https://instagram.com/muk_luna,2,3000,137,19,0.011142857,,,
260,kong__jju,https://instagram.com/kong__jju,16,652,883,73,0.039274759,,,
261,ju_woni,https://instagram.com/ju_woni,31,13561,22921,689,0.024069429,,,
262,0.512g,https://instagram.com/0.512g,19,3031,5775,54,0.04337882,,,
263,happyseah,https://instagram.com/happyseah,4,3249,636,54,0.022754254,,,
264,_babystella,https://instagram.com/_babystella,9,2836,397,12,0.006867486,,,
265,minji_8886,https://instagram.com/minji_8886,38,3202,9931,285,0.03598315,,,
266,d_dayuum,https://instagram.com/d_dayuum,20,3232,2243,67,0.015315594,,,
267,voiz,https://instagram.com/voiz,13,3246,2018,167,0.022191302,,,
268,kimsfamily.kr,https://instagram.com/kimsfamily.kr,7,4,31,0,0.474489796,,,
269,mehannahlee,https://instagram.com/mehannahlee,24,3191,4378,857,0.029295563,,,
270,hi_lokman,https://instagram.com/hi_lokman,6,2955,993,26,0.024631375,,,
271,minggsta,https://instagram.com/minggsta,1,3086,229,12,0.033469123,,,
272,travelwith__olivia,https://instagram.com/travelwith__olivia,35,3511,10624,379,0.038373857,,,
273,em_jyu,https://instagram.com/em_jyu,10,3300,2138,31,0.028168831,,,
274,limesh00,https://instagram.com/limesh00,4,3020,23,0,0.000815989,,,
275,min_sson,https://instagram.com/min_sson,7,4463,1838,44,0.025817721,,,
276,jinny_lovely_00,https://instagram.com/jinny_lovely_00,45,3083,4351,322,0.014435537,,,
277,min_sson,https://instagram.com/min_sson,7,4463,1838,44,0.025817721,,,
278,shalom__peace,https://instagram.com/shalom__peace,10,2985,1085,46,0.016238335,,,
279,h._.garden,https://instagram.com/h._.garden,5,7503,1427,68,0.017078883,,,
280,hye_0eee_,https://instagram.com/hye_0eee_,26,10973,29335,373,0.044627022,,,
281,eunaeissohot,https://instagram.com/eunaeissohot,2,3074,395,16,0.028650432,,,
282,3.68mm,https://instagram.com/3.68mm,2,3000,2543,114,0.189785714,,,
283,chaenni_ni,https://instagram.com/chaenni_ni,34,4118,6798,716,0.023000069,,,
284,haayeon,https://instagram.com/haayeon,2,116,109,19,0.236453202,,,
285,an_hk94,https://instagram.com/an_hk94,13,37630,9261,685,0.008713529,,,
286,hangry._.bird,https://instagram.com/hangry._.bird,2,3108,306,37,0.023648649,,,
287,kimhyunhak,https://instagram.com/kimhyunhak,8,3079,633,17,0.01130933,,,
288,xyeon_xyeong,https://instagram.com/xyeon_xyeong,5,3037,443,19,0.013039183,,,
289,bijou_katie,https://instagram.com/bijou_katie,90,3563,14202,1964,0.021605656,,,
290,h__i__1212,https://instagram.com/h__i__1212,1,3955,175,21,0.021238938,,,
291,eunoia2._.2,https://instagram.com/eunoia2._.2,29,2973,5703,178,0.029233545,,,
292,new_ji172,https://instagram.com/new_ji172,23,3040,3743,177,0.02402746,,,
293,isensen1004,https://instagram.com/isensen1004,1,3042,92,0,0.012961398,,,
294,kkke_ai_,https://instagram.com/kkke_ai_,2,2968,203,10,0.015378321,,,
295,jaeyshin11,https://instagram.com/jaeyshin11,19,2853,2072,69,0.016927176,,,
296,174.0cm,https://instagram.com/174.0cm,46,18312,7517,276,0.003964919,,,
297,hbin_94,https://instagram.com/hbin_94,5,2948,905,27,0.027098275,,,
298,isensen1004,https://instagram.com/isensen1004,1,3043,92,0,0.012957138,,,
299,moon_1ight_,https://instagram.com/moon_1ight_,3,3892,782,30,0.029804728,,,
300,hyunukeem,https://instagram.com/hyunukeem,35,3620,6727,191,0.023400609,,,
301,e._.unj_i,https://instagram.com/e._.unj_i,45,3404,8020,219,0.023051312,,,
302,_gilvely,https://instagram.com/_gilvely,18,3073,499,42,0.004191654,,,
303,queen.bunny_,https://instagram.com/queen.bunny_,13,3050,2270,120,0.025833183,,,
304,jjonuyh_,https://instagram.com/jjonuyh_,7,3322,2016,140,0.039735099,,,
305,jieuniya_0.0,https://instagram.com/jieuniya_0.0,70,29943,1797,13,0.000370091,,,
306,qkrqkr__,https://instagram.com/qkrqkr__,39,29201,16068,304,0.006161162,,,
307,juha.colore,https://instagram.com/juha.colore,1,27923,769,4,0.011864259,,,
308,dadadaeun22,https://instagram.com/dadadaeun22,38,29715,5036,242,0.002003241,,,
309,llliv1021,https://instagram.com/llliv1021,49,50333,21507,260,0.003782447,,,
310,jjojjo_eun,https://instagram.com/jjojjo_eun,13,30244,7448,406,0.008561139,,,
311,iwill_jj,https://instagram.com/iwill_jj,15,31234,22953,508,0.021461045,,,
312,k.hyovely_,https://instagram.com/k.hyovely_,23,28739,1934,79,0.001305171,,,
313,love.1002,https://instagram.com/love.1002,44,30248,33069,7052,0.012919498,,,
314,_siwoo0913,https://instagram.com/_siwoo0913,12,29082,3886,129,0.004930639,,,
315,seola_lee_,https://instagram.com/seola_lee_,12,30042,2864,191,0.00363182,,,
316,love_yoonsul,https://instagram.com/love_yoonsul,12,29662,1463,112,0.001896366,,,
317,wonchuuu,https://instagram.com/wonchuuu,17,29063,5361,275,0.004888829,,,
318,seungcheol__j,https://instagram.com/seungcheol__j,12,274021,30847,1147,0.00416991,,,
319,from_ayla,https://instagram.com/from_ayla,25,280461,37706,542,0.002337865,,,
320,mable_xo,https://instagram.com/mable_xo,12,28322,7090,265,0.009274718,,,
321,hotjakk,https://instagram.com/hotjakk,12,24186,2735,0,0.004038641,,,
322,ub0704,https://instagram.com/ub0704,28,29530,3634,5,0.001886183,,,
323,three_jubu,https://instagram.com/three_jubu,2,27741,750,3,0.005816558,,,
324,ej1018,https://instagram.com/ej1018,1,27507,141,2,0.002228004,,,
325,miracle._.yun,https://instagram.com/miracle._.yun,7,28380,5191,83,0.011377659,,,
326,little_minho0921,https://instagram.com/little_minho0921,1,27929,472,3,0.007288891,,,
327,novemberxxth,https://instagram.com/novemberxxth,12,27104,15494,163,0.02063085,,,
328,lxxez,https://instagram.com/lxxez,26,28016,14383,147,0.008548883,,,
329,prayfor__me,https://instagram.com/prayfor__me,2,28737,648,20,0.004981134,,,
330,rola_mood,https://instagram.com/rola_mood,6,27277,1552,36,0.004158396,,,
331,srjhrang,https://instagram.com/srjhrang,30,275021,105234,1175,0.005527318,,,
332,__yhho,https://instagram.com/__yhho,5,274945,18366,311,0.005822567,,,
333,heungeul,https://instagram.com/heungeul,17,221665,47864,742,0.005527987,,,
334,heylaura61,https://instagram.com/heylaura61,15,27507,2878,27,0.003017414,,,
335,jelita_soo,https://instagram.com/jelita_soo,23,26918,15853,167,0.01108958,,,
336,hyuk9011,https://instagram.com/hyuk9011,7,27337,1539,2,0.003451254,,,
337,sandakim123,https://instagram.com/sandakim123,14,27611,9154,259,0.010436169,,,
338,coco_vely1229,https://instagram.com/coco_vely1229,57,27666,24481,261,0.006724141,,,
339,ryusemmm_,https://instagram.com/ryusemmm_,4,27001,1599,15,0.006404525,,,
340,for.gettable,https://instagram.com/for.gettable,6,29067,10439,170,0.02607031,,,
341,dare908,https://instagram.com/dare908,4,27325,2686,0,0.010531957,,,
342,dalcom_cat,https://instagram.com/dalcom_cat,14,23891,1597,64,0.002128288,,,
343,choajoa_kim,https://instagram.com/choajoa_kim,41,27616,9316,225,0.003611374,,,
344,mel_holic,https://instagram.com/mel_holic,9,27144,5779,107,0.010325881,,,
345,kim_mimixx,https://instagram.com/kim_mimixx,35,27036,7428,43,0.003383697,,,
346,rang.jh,https://instagram.com/rang.jh,39,26895,4588,21,0.001883188,,,
347,kyoungmeepark,https://instagram.com/kyoungmeepark,16,25985,3182,23,0.00330376,,,
348,romantic_owner_chef,https://instagram.com/romantic_owner_chef,7,27134,11266,140,0.025736218,,,
349,1oo392,https://instagram.com/1oo392,34,26492,9001,201,0.004378363,,,
350,good7919,https://instagram.com/good7919,24,33094,11742,380,0.006540892,,,
351,ben0417,https://instagram.com/ben0417,26,37521,10848,147,0.004830262,,,
352,188cmm,https://instagram.com/188cmm,33,31297,42447,559,0.017845783,,,
353,guswnguddn,https://instagram.com/guswnguddn,22,27418,13623,348,0.009926411,,,
354,orange._.yun,https://instagram.com/orange._.yun,17,33016,14356,471,0.011321478,,,
355,uuuu_k,https://instagram.com/uuuu_k,43,27113,31661,602,0.011859925,,,
356,hellobeen,https://instagram.com/hellobeen,8,399860,0,0,0,,,
357,iamjina_kim,https://instagram.com/iamjina_kim,57,269656,71234,2630,0.002059544,,,
358,keemluv,https://instagram.com/keemluv,52,304242,148306,523,0.004031701,,,
359,bellajangx,https://instagram.com/bellajangx,13,280018,81351,842,0.009676733,,,
360,im_1004z,https://instagram.com/im_1004z,24,272991,24432,1286,0.00168229,,,
361,lovee_seul,https://instagram.com/lovee_seul,4,189760,13629,399,0.007920531,,,
362,khysu486,https://instagram.com/khysu486,3,24384,499,3,0.002941039,,,
363,chaniinii,https://instagram.com/chaniinii,26,27731,23663,429,0.014320467,,,
364,dal.so.you,https://instagram.com/dal.so.you,36,24580,13504,1194,0.007118641,,,
365,snow.yje,https://instagram.com/snow.yje,5,25876,2294,3,0.007608816,,,
366,polocyl,https://instagram.com/polocyl,31,28022,7491,343,0.003864969,,,
367,ssung180,https://instagram.com/ssung180,16,26143,1266,40,0.001338107,,,
368,alldaybunny,https://instagram.com/alldaybunny,3,25420,425,21,0.002506463,,,
369,hun.gry.gram,https://instagram.com/hun.gry.gram,24,31669,30520,804,0.017662608,,,
370,lesujeong1025,https://instagram.com/lesujeong1025,19,52436,1161,97,0.000541154,,,
371,sinae44,https://instagram.com/sinae44,41,65189,14350,574,0.002393042,,,
372,_mozzi_mozzii,https://instagram.com/_mozzi_mozzii,32,26131,4641,268,0.002515998,,,
373,s00water,https://instagram.com/s00water,12,25441,6376,160,0.009175291,,,
374,yesul_9161,https://instagram.com/yesul_9161,28,167658,126062,899,0.011590742,,,
375,v20__02v,https://instagram.com/v20__02v,55,27521,43198,5690,0.013841992,,,
376,mjvely,https://instagram.com/mjvely,6,25939,1038,20,0.002913429,,,
377,duck__hu,https://instagram.com/duck__hu,10,25262,3218,273,0.005922504,,,
378,ryuppeum,https://instagram.com/ryuppeum,19,30492,9983,229,0.007554305,,,
379,minienmonde,https://instagram.com/minienmonde,3,25293,241,8,0.001406374,,,
380,hwanghwoo,https://instagram.com/hwanghwoo,41,26892,41514,2153,0.01697343,,,
381,k.susuu,https://instagram.com/k.susuu,16,16770,6794,384,0.011464988,,,
382,jeonharin_,https://instagram.com/jeonharin_,57,32456,33297,975,0.007939494,,,
383,glenda_mama,https://instagram.com/glenda_mama,52,27190,7900,257,0.002472527,,,
384,soryong_lee,https://instagram.com/soryong_lee,42,275744,151379,2006,0.005676109,,,
385,midoricoo,https://instagram.com/midoricoo,3,256241,7030,56,0.003950522,,,
386,majenta_ggoms,https://instagram.com/majenta_ggoms,50,251704,114712,2666,0.003997144,,,
387,daani._.e,https://instagram.com/daani._.e,36,259093,117741,1962,0.005500093,,,
388,suyun44,https://instagram.com/suyun44,57,41137,11004,11,0.002013262,,,
389,hwanghwoo,https://instagram.com/hwanghwoo,41,26893,41618,2157,0.017014777,,,
390,ms_1004,https://instagram.com/ms_1004,29,119945,21090,431,0.002651585,,,
391,iambonnielee,https://instagram.com/iambonnielee,57,25988,40798,1528,0.012245675,,,
392,hyejin_7931,https://instagram.com/hyejin_7931,55,26373,68786,2936,0.021191094,,,
393,naraeqq,https://instagram.com/naraeqq,57,25576,17617,376,0.005289557,,,
394,uuji.eug,https://instagram.com/uuji.eug,3,24766,672,31,0.004055099,,,
395,mh0625,https://instagram.com/mh0625,28,23035,8989,143,0.006067962,,,
396,chocho_ar1,https://instagram.com/chocho_ar1,18,38243,26790,456,0.016962955,,,
397,eunjomii2,https://instagram.com/eunjomii2,27,38444,16328,209,0.006827907,,,
398,geemkyur,https://instagram.com/geemkyur,7,25389,1614,25,0.003952379,,,
399,hill_sun,https://instagram.com/hill_sun,57,25143,10483,69,0.003155484,,,
400,jangsohyeon_,https://instagram.com/jangsohyeon_,20,25769,8345,118,0.007037526,,,
401,cosmoss_xx,https://instagram.com/cosmoss_xx,24,26212,17328,264,0.011984696,,,
402,yurahee0205,https://instagram.com/yurahee0205,57,25067,4470,55,0.001357265,,,
403,v20__02v,https://instagram.com/v20__02v,55,27533,43381,5704,0.013891712,,,
404,la6vish,https://instagram.com/la6vish,29,24189,15003,247,0.009317023,,,
405,playrani,https://instagram.com/playrani,53,24981,5304,345,0.00182856,,,
406,gahyun.e,https://instagram.com/gahyun.e,26,24923,9736,220,0.006584676,,,
407,s2hyunnn,https://instagram.com/s2hyunnn,2,238322,6958,88,0.006335366,,,
408,gaeungbebe,https://instagram.com/gaeungbebe,36,275568,175919,4299,0.007785564,,,
409,128page,https://instagram.com/128page,36,232395,46239,268,0.002382387,,,
410,ya.stacey,https://instagram.com/ya.stacey,11,272515,46821,705,0.006794717,,,
411,_s_hj,https://instagram.com/_s_hj,21,283745,86090,645,0.006238355,,,
412,vanillasso,https://instagram.com/vanillasso,50,24906,10626,176,0.003717521,,,
413,i_am_ab____,https://instagram.com/i_am_ab____,5,39946,31531,92,0.067855176,,,
414,sy_______91,https://instagram.com/sy_______91,22,24436,3448,139,0.002859577,,,
415,wyh5757,https://instagram.com/wyh5757,31,24723,1274,27,0.000727508,,,
416,daily__bom,https://instagram.com/daily__bom,37,39817,20459,156,0.005997031,,,
417,mozzi_hirit,https://instagram.com/mozzi_hirit,24,26394,14960,313,0.010333111,,,
418,amore_mio_tesoro,https://instagram.com/amore_mio_tesoro,37,31476,6807,247,0.002595837,,,
419,o.reon,https://instagram.com/o.reon,7,20711,735,4,0.002184583,,,
420,kuozai,https://instagram.com/kuozai,10,24173,4825,156,0.008830986,,,
421,seoyoon___love,https://instagram.com/seoyoon___love,10,24413,8770,381,0.016064626,,,
422,jungmikim84,https://instagram.com/jungmikim84,16,23572,3737,33,0.004283987,,,
423,yelloyellow____,https://instagram.com/yelloyellow____,2,34881,390,14,0.002481908,,,
424,eunksisters,https://instagram.com/eunksisters,13,30494,3071,41,0.00336438,,,
425,united_suk,https://instagram.com/united_suk,3,23114,265,4,0.001662567,,,
426,ju_nans_,https://instagram.com/ju_nans_,4,26834,2753,50,0.011191825,,,
427,leesyooni,https://instagram.com/leesyooni,50,26174,46830,664,0.015553275,,,
428,sj0428.kim,https://instagram.com/sj0428.kim,14,24047,16652,7,0.021207194,,,
429,miriam.wang,https://instagram.com/miriam.wang,2,24210,1467,36,0.01330324,,,
430,ee_nue,https://instagram.com/ee_nue,1,25483,623,12,0.010679388,,,
431,__scarlett.k,https://instagram.com/__scarlett.k,14,24824,15333,1014,0.020158652,,,
432,dreamer_joody,https://instagram.com/dreamer_joody,20,23662,3751,133,0.003517394,,,
433,ssongssongcom,https://instagram.com/ssongssongcom,50,24586,5413,298,0.001991029,,,
434,hunngee,https://instagram.com/hunngee,11,24097,6572,1969,0.013809447,,,
435,knittermall,https://instagram.com/knittermall,57,26158,11988,50,0.003460176,,,
436,eun___garam,https://instagram.com/eun___garam,25,23980,15334,825,0.011551769,,,
437,planu_ayeong,https://instagram.com/planu_ayeong,46,24879,14239,85,0.005364099,,,
438,jihyuk_2_sua,https://instagram.com/jihyuk_2_sua,47,23955,4999,234,0.001991957,,,
439,sunny_gram81,https://instagram.com/sunny_gram81,1,22490,233,12,0.004668742,,,
440,yoon2verse_,https://instagram.com/yoon2verse_,1,22588,1139,5,0.021705583,,,
441,shu__________,https://instagram.com/shu__________,7,253598,12764,308,0.003155887,,,
442,doqja,https://instagram.com/doqja,7,211768,14466,841,0.004425424,,,
443,gaeungbebe,https://instagram.com/gaeungbebe,36,275583,176117,4302,0.007793823,,,
444,yoga_hyuna,https://instagram.com/yoga_hyuna,34,231502,90462,1728,0.005019649,,,
445,ssangzhy,https://instagram.com/ssangzhy,57,250426,185395,975,0.005595578,,,
446,tong___tang,https://instagram.com/tong___tang,13,229082,30583,150,0.004422765,,,
447,gunimomlala,https://instagram.com/gunimomlala,57,23046,4073,24,0.001336653,,,
448,yoosso,https://instagram.com/yoosso,36,23619,12670,98,0.006435497,,,
449,hj.vely,https://instagram.com/hj.vely,18,18500,3207,58,0.004202059,,,
450,an__dante_,https://instagram.com/an__dante_,8,24465,15322,264,0.034128931,,,
451,djmercuryshine,https://instagram.com/djmercuryshine,2,23101,899,15,0.008478297,,,
452,most.ran,https://instagram.com/most.ran,11,24121,5329,715,0.009762469,,,
453,dreaming_whales,https://instagram.com/dreaming_whales,1,25368,481,6,0.008227463,,,
454,min.sooa,https://instagram.com/min.sooa,12,24467,1785,67,0.00270335,,,
455,moi_vely,https://instagram.com/moi_vely,9,23809,5390,468,0.011716258,,,
456,1m_sik7,https://instagram.com/1m_sik7,7,22419,3309,60,0.009200469,,,
457,haneumdd,https://instagram.com/haneumdd,2,22667,736,0,0.006957881,,,
458,_____sweet_b,https://instagram.com/_____sweet_b,5,22164,749,36,0.003035811,,,
459,yula_407,https://instagram.com/yula_407,12,32038,8109,32,0.009075161,,,
460,s.w_sw,https://instagram.com/s.w_sw,1,22502,1335,6,0.025540587,,,
461,mean_zo,https://instagram.com/mean_zo,1,22124,827,19,0.01638815,,,
462,langv_,https://instagram.com/langv_,41,22390,2956,6,0.001382835,,,
463,shownee_k,https://instagram.com/shownee_k,12,23010,2534,213,0.004263674,,,
464,aekyung223,https://instagram.com/aekyung223,13,22246,6535,37,0.009739249,,,
465,ifbbpro_kang,https://instagram.com/ifbbpro_kang,12,23429,4937,120,0.0077087,,,
466,viano_mimi,https://instagram.com/viano_mimi,3,22811,485,10,0.003100008,,,
467,hailey__land,https://instagram.com/hailey__land,4,22934,1397,17,0.006605913,,,
468,twinkle_leeyeonhui,https://instagram.com/twinkle_leeyeonhui,12,226895,28917,340,0.004605182,,,
469,happysky30,https://instagram.com/happysky30,8,225713,19668,163,0.004706751,,,
470,best_namnam,https://instagram.com/best_namnam,12,262743,41066,541,0.005655581,,,
471,elly_yj,https://instagram.com/elly_yj,12,224462,18826,731,0.003111726,,,
472,bee_hoons,https://instagram.com/bee_hoons,14,225990,28867,435,0.003969202,,,
473,choi_hun2,https://instagram.com/choi_hun2,9,241374,20718,175,0.004121839,,,
474,chaae.rin,https://instagram.com/chaae.rin,4,219134,4358,86,0.002172839,,,
475,y_22.0,https://instagram.com/y_22.0,10,416003,24545,156,0.002544728,,,
476,nyang_vv,https://instagram.com/nyang_vv,12,22845,1265,128,0.002177719,,,
477,euju_yeo,https://instagram.com/euju_yeo,12,26301,3532,138,0.004983515,,,
478,bongbongyang_,https://instagram.com/bongbongyang_,5,22007,325,11,0.001308675,,,
479,a_young222,https://instagram.com/a_young222,12,45072,6551,175,0.005329568,,,
480,psj3408,https://instagram.com/psj3408,12,29540,27225,564,0.033597301,,,
481,zzzzzzzun_,https://instagram.com/zzzzzzzun_,10,25367,7321,153,0.012627204,,,
482,designer9193,https://instagram.com/designer9193,2,21816,40,1,0.000402719,,,
483,sollee0907,https://instagram.com/sollee0907,12,22174,3378,69,0.005551869,,,
484,hwanggirin,https://instagram.com/hwanggirin,9,24095,587,12,0.001183806,,,
485,kimrakkeun,https://instagram.com/kimrakkeun,12,22646,4029,53,0.006437592,,,
486,jhyu___n,https://instagram.com/jhyu___n,6,22929,1934,32,0.006124496,,,
487,eun._.z,https://instagram.com/eun._.z,12,22353,4108,67,0.006670565,,,
488,mini.daily,https://instagram.com/mini.daily,10,32219,4577,405,0.006626968,,,
489,andanian_,https://instagram.com/andanian_,12,23435,5445,25,0.008336127,,,
490,golf.yomi,https://instagram.com/golf.yomi,12,22100,3059,104,0.005111506,,,
491,iiiliiiliilli,https://instagram.com/iiiliiiliilli,2,23388,519,13,0.004874295,,,
492,wow_n_n,https://instagram.com/wow_n_n,5,21614,507,40,0.002169229,,,
493,yoo__si,https://instagram.com/yoo__si,11,23369,11835,453,0.020486681,,,
494,hwa881228,https://instagram.com/hwa881228,4,20380,819,164,0.005167882,,,
495,mji_eiffel,https://instagram.com/mji_eiffel,1,21293,489,40,0.010647362,,,
496,editorimagine,https://instagram.com/editorimagine,12,21873,1026,77,0.001800981,,,
497,aura.s2,https://instagram.com/aura.s2,4,22858,1250,233,0.006951302,,,
498,sso.002,https://instagram.com/sso.002,4,22043,1634,201,0.008919255,,,
499,hwangcaptain,https://instagram.com/hwangcaptain,12,22412,7025,560,0.012086956,,,
500,na____pool,https://instagram.com/na____pool,12,20504,1024,69,0.00190381,,,
501,seonae.byeon,https://instagram.com/seonae.byeon,12,21113,18015,63,0.030580347,,,
502,2yenn2,https://instagram.com/2yenn2,4,21979,1839,95,0.00942783,,,
503,dailyssong,https://instagram.com/dailyssong,12,8654,4032,119,0.017130807,,,
504,____yu__2525,https://instagram.com/____yu__2525,11,185674,4934,179,0.00107289,,,
505,gracement,https://instagram.com/gracement,12,224333,60159,614,0.009675189,,,
506,1992_0808,https://instagram.com/1992_0808,12,21782,2413,49,0.004036754,,,
507,hyoyoii,https://instagram.com/hyoyoii,7,23237,4134,347,0.01180647,,,
508,sohee._.s2,https://instagram.com/sohee._.s2,8,21823,2163,225,0.005862098,,,
509,delight_bombom,https://instagram.com/delight_bombom,12,21551,9282,254,0.015803045,,,
510,love_ryujian,https://instagram.com/love_ryujian,22,23790,12974,234,0.010815414,,,
511,_ha1f_moon,https://instagram.com/_ha1f_moon,5,20966,550,5,0.00226898,,,
512,bebe_282,https://instagram.com/bebe_282,7,22736,3672,152,0.010297434,,,
513,from_que_sera,https://instagram.com/from_que_sera,19,21624,6416,291,0.006996195,,,
514,sihvely,https://instagram.com/sihvely,7,23774,7526,155,0.019780656,,,
515,audrey_shin,https://instagram.com/audrey_shin,12,21056,1659,42,0.002885163,,,
516,designbysunny,https://instagram.com/designbysunny,8,21091,3047,31,0.007818162,,,
517,3836,https://instagram.com/limyuzu,5,2065,1293,44,0.055496368,,,
518,3839,https://instagram.com/jj_in.s,1,1933,170,7,0.039243219,,,
519,3840,https://instagram.com/rebecca____j,29,2314,10693,654,0.07246744,,,
520,3842,https://instagram.com/_.hong._,7,3053,1256,16,0.025508533,,,
521,3845,https://instagram.com/givememore_fxxd,15,3598,1942,155,0.016652108,,,
522,3846,https://instagram.com/yozmyoz,14,2018,2931,127,0.046388625,,,
523,3847,https://instagram.com/es_kuni,21,2017,659,49,0.007163599,,,
524,3848,https://instagram.com/genius__ghi,10,2074,2551,131,0.055420857,,,
525,3849,https://instagram.com/youdios,2,1926,155,11,0.01846907,,,
526,3855,https://instagram.com/da0_2.2,3,2370,565,24,0.035503315,,,
527,3856,https://instagram.com/yu_dungdung,13,2405,240,31,0.003714788,,,
528,3858,https://instagram.com/true.yang,21,2024,3445,312,0.037882149,,,
529,3861,https://instagram.com/loved_hk,13,1933,601,34,0.010829832,,,
530,3863,https://instagram.com/leesuyoni,3,2000,380,24,0.028857143,,,
531,3866,https://instagram.com/kuro_5sang,6,2091,898,53,0.032486165,,,
532,3869,https://instagram.com/0jjura0,1,2477,254,4,0.044639253,,,
533,3873,https://instagram.com/rorothy,1,2198,71,7,0.015208631,,,
534,3875,https://instagram.com/hee96__,2,2084,645,33,0.069714834,,,
535,3876,https://instagram.com/djuni_official,20,2207,2353,128,0.024088938,,,
536,3883,https://instagram.com/saravivid,24,190003,57697,229,0.005444087,,,
537,3884,https://instagram.com/nail_by.jjoo,147,193807,66891,473,0.001013361,,,
538,3889,https://instagram.com/hojunsb,4,18521,1303,59,0.007879087,,,
539,3892,https://instagram.com/c.iela,1,19571,80,0,0.001751863,,,
540,3894,https://instagram.com/daesikga_,24,23948,1202,7,0.000901507,,,
541,3896,https://instagram.com/soohyun.hong.5,15,20115,8918,599,0.013517986,,,
542,3901,https://instagram.com/raniakim,36,22342,8727,341,0.004831814,,,
543,3902,https://instagram.com/ginnaly_xx,3,19755,806,48,0.006175652,,,
544,3903,https://instagram.com/e.chaebin,9,19251,1966,54,0.004996648,,,
545,3905,https://instagram.com/nanakoval,13,19543,12430,235,0.021364554,,,
546,3906,https://instagram.com/hirotaka99,23,16612,5259,85,0.00599432,,,
547,3908,https://instagram.com/165_h.xx,1,17470,976,8,0.024139341,,,
548,3912,https://instagram.com/mercibeaucouppp,20,21427,4180,82,0.004262313,,,
549,3915,https://instagram.com/kimwonu,111,19179,53780,1782,0.011185416,,,
550,3918,https://instagram.com/sweetb_db,29,20430,9763,1023,0.007802203,,,
551,3923,https://instagram.com/iam_jjeonyang,42,17846,8910,310,0.005271861,,,
552,3924,https://instagram.com/saravivid,28,189991,60545,253,0.00489803,,,
553,3929,https://instagram.com/jae_hyupp,1,180393,3459,85,0.008419712,,,
554,3931,https://instagram.com/corejennie__,15,175117,22799,480,0.003798114,,,
555,3932,https://instagram.com/hp.i09,10,170731,34963,381,0.008872102,,,
556,3935,https://instagram.com/eunseo_lee,47,247893,78211,1804,0.002943286,,,
557,3936,https://instagram.com/dan._.a,15,20273,6380,56,0.009070474,,,
558,3939,https://instagram.com/1004hyoju,18,19557,23125,1509,0.02999048,,,
559,3941,https://instagram.com/jw_monster,1,25820,692,23,0.011867877,,,
560,3946,https://instagram.com/kimyaji_,25,18988,7676,358,0.007253303,,,
561,3948,https://instagram.com/yyoonddo,4,17560,784,31,0.004972747,,,
562,3954,https://instagram.com/minsunmaro,15,18731,4176,216,0.00669936,,,
563,3957,https://instagram.com/0and2ee,5,18331,2612,167,0.012994381,,,
564,3958,https://instagram.com/sangbum_son,82,18117,22219,504,0.006555242,,,
565,3964,https://instagram.com/pro_n_,25,18262,7871,168,0.007546349,,,
566,3969,https://instagram.com/uucode_yui,39,17516,1167,39,0.000756608,,,
567,3973,https://instagram.com/ks_vely7,49,174989,114985,1530,0.00582369,,,
568,3975,https://instagram.com/ssong2ya_,5,173197,6323,94,0.00317574,,,
569,3976,https://instagram.com/seoul_korea,16,174709,25151,417,0.003919988,,,
570,3978,https://instagram.com/model_sera,63,198230,120483,3160,0.004243096,,,
571,3986,https://instagram.com/dpwls2da,30,212320,68761,1432,0.004722858,,,
572,3990,https://instagram.com/eatgnuyhmik,21,22085,31049,698,0.029336561,,,
573,3991,https://instagram.com/lily_yengel,58,81463,244180,1084,0.022246855,,,
574,3992,https://instagram.com/itsmetheluckiestgirl,44,17823,5905,540,0.003522189,,,
575,3998,https://instagram.com/ryuaeyong,4,18635,4235,74,0.024774809,,,
576,3999,https://instagram.com/_su.i_,27,17980,2829,113,0.002597242,,,
577,4000,https://instagram.com/nol8435,26,17255,6644,141,0.006481638,,,
578,4003,https://instagram.com/mars.eee,6,16879,1940,44,0.008395893,,,
579,4007,https://instagram.com/aimeeandjenny,1,17380,73,1,0.001824758,,,
580,4018,https://instagram.com/happypoodle_choko,18,19242,4002,191,0.005188303,,,
581,4020,https://instagram.com/anesnam1,49,17659,8448,52,0.004209979,,,
582,4022,https://instagram.com/_j_siri,1,16934,278,7,0.007212877,,,
583,4024,https://instagram.com/bing9_,3,18790,1943,36,0.015045997,,,
584,4025,https://instagram.com/hiiiwwwe,23,16834,4981,105,0.005629689,,,
585,4028,https://instagram.com/zzim_star,13,16379,481,62,0.00109293,,,
586,4029,https://instagram.com/raon_hj,30,19868,15750,267,0.011516725,,,
587,4032,https://instagram.com/r___rachel,7,17048,684,22,0.002535458,,,
588,4034,https://instagram.com/joojake,17,17347,23444,586,0.034922368,,,
589,4039,https://instagram.com/youuuu_d,34,306884,142876,8944,0.006235899,,,
590,4041,https://instagram.com/zum_3_,59,206249,84525,2065,0.00304963,,,
591,4044,https://instagram.com/kkj8651,6,147554,11123,60,0.005413514,,,
592,4045,https://instagram.com/do._.vely,4,169017,2027,278,0.00146118,,,
593,hyunmi0902,https://instagram.com/hyunmi0902,1,1867,89,20,0.025021042,,,
594,yona.daily,https://instagram.com/yona.daily,38,1598,1838,133,0.013910715,,,
595,ha_mingming,https://instagram.com/ha_mingming,35,2046,2978,316,0.019713927,,,
596,jooyoung_uhm_2,https://instagram.com/jooyoung_uhm_2,1,1987,208,10,0.047019915,,,
597,saybeen,https://instagram.com/saybeen,11,1870,867,30,0.018688798,,,
598,jming90,https://instagram.com/jming90,8,1621,489,20,0.016821627,,,
599,aa123790,https://instagram.com/aa123790,30,5969,750,50,0.001914654,,,
600,_eat_foods,https://instagram.com/_eat_foods,30,1589,643,23,0.005987593,,,
601,k.hyun._.365,https://instagram.com/k.hyun._.365,3,1321,96,40,0.014707473,,,
602,pure_kkkk,https://instagram.com/pure_kkkk,5,1043,27,0,0.002218874,,,
603,y_seul_._0,https://instagram.com/y_seul_._0,7,1675,2268,44,0.084508072,,,
604,j_seungbin,https://instagram.com/j_seungbin,28,1727,1446,142,0.014074188,,,
605,kittygiin,https://instagram.com/kittygiin,10,1774,409,73,0.011644387,,,
606,jso_mukbang,https://instagram.com/jso_mukbang,5,2112,1033,93,0.045698052,,,
607,byelee__,https://instagram.com/byelee__,6,1541,521,29,0.02549365,,,
608,kukuruxx,https://instagram.com/kukuruxx,5,1361,715,86,0.050446101,,,
609,_haneol15,https://instagram.com/_haneol15,4,1525,350,21,0.026065574,,,
610,suvinon,https://instagram.com/suvinon,7,1551,869,58,0.036592587,,,
611,whatvita_insta,https://instagram.com/whatvita_insta,14,1483,423,37,0.009495369,,,
612,junzzi_0812,https://instagram.com/junzzi_0812,2,1441,190,17,0.030782195,,,
613,hwangmono__o,https://instagram.com/hwangmono__o,6,2681,2137,733,0.076464006,,,
614,adela_hwang,https://instagram.com/adela_hwang,20,1604,1336,93,0.019090666,,,
615,hys113694,https://instagram.com/hys113694,4,1535,183,5,0.013122383,,,
616,blissful_hssj,https://instagram.com/blissful_hssj,7,1542,1976,632,0.103549591,,,
617,hi.o3o,https://instagram.com/hi.o3o,11,1533,826,66,0.022670089,,,
618,iam_queen.b_,https://instagram.com/iam_queen.b_,4,1545,752,19,0.053467406,,,
619,p.soraa,https://instagram.com/p.soraa,4,1563,524,26,0.037702221,,,
620,silverain_3,https://instagram.com/silverain_3,37,1767,4183,117,0.028187295,,,
621,toro_moongchi_mom,https://instagram.com/toro_moongchi_mom,58,1580,1972,157,0.009956663,,,
622,roykwon89,https://instagram.com/roykwon89,8,1769,921,75,0.030162319,,,
623,joonkyeom,https://instagram.com/joonkyeom,11,2137,2233,187,0.044120596,,,
624,j_moon089,https://instagram.com/j_moon089,4,1416,136,4,0.01059322,,,
625,kukuruxx,https://instagram.com/kukuruxx,5,1361,715,86,0.050446101,,,
626,_jjung_222,https://instagram.com/_jjung_222,69,2100,3110,148,0.009636202,,,
627,an_somins2,https://instagram.com/an_somins2,17,1609,1352,16,0.021434055,,,
628,bbo2979,https://instagram.com/bbo2979,12,1677,5087,285,0.114404975,,,
629,hi__seo,https://instagram.com/hi__seo,8,1493,1051,59,0.039828725,,,
630,so.ok2,https://instagram.com/so.ok2,10,1402,846,51,0.027420012,,,
631,_luun._.a,https://instagram.com/_luun._.a,29,1337,449,1,0.004974006,,,
632,fjssldaos7,https://instagram.com/fjssldaos7,65,1574,822,65,0.003715598,,,
633,leeyeon_taro_,https://instagram.com/leeyeon_taro_,33,1390,1964,90,0.019190881,,,
634,hr_e0326,https://instagram.com/hr_e0326,3,1463,179,15,0.018943463,,,
635,taerim85,https://instagram.com/taerim85,79,2783,4516,574,0.009922034,,,
636,everybitcounts,https://instagram.com/everybitcounts,16,1414,746,34,0.014775712,,,
637,jusnowflower,https://instagram.com/jusnowflower,5,1528,240,13,0.014192221,,,
638,le_ciel_wh,https://instagram.com/le_ciel_wh,2,1501,469,40,0.072665842,,,
639,2tmdwo,https://instagram.com/2tmdwo,9,1686,517,77,0.016776817,,,
640,gyul_domi,https://instagram.com/gyul_domi,1,1500,148,13,0.046,,,
641,98.0929_,https://instagram.com/98.0929_,14,1507,3373,93,0.070406132,,,
642,wawo_11,https://instagram.com/wawo_11,2,1603,361,20,0.05093129,,,
643,lsh.go,https://instagram.com/lsh.go,1,1498,88,6,0.026893,,,
644,bunbun.vietnamesestreetfood,https://instagram.com/bunbun.vietnamesestreetfood,2,1509,101,13,0.016188583,,,
645,tasty.crystal,https://instagram.com/tasty.crystal,1,1226,42,3,0.015730599,,,
646,del_11111,https://instagram.com/del_11111,24,2222,6634,1835,0.06806127,,,
647,seob.a,https://instagram.com/seob.a,7,2116,2792,95,0.083532657,,,
648,2.10km,https://instagram.com/2.10km,2,1495,228,31,0.037123746,,,
649,olleh_mamma_mia,https://instagram.com/olleh_mamma_mia,30,1857,4874,421,0.040733903,,,
650,bitter_sweet_181225,https://instagram.com/bitter_sweet_181225,4,1900,312,35,0.019567669,,,
651,greentearum,https://instagram.com/greentearum,37,2874,11562,1525,0.052744215,,,
652,ssu_loving,https://instagram.com/ssu_loving,37,41373,36472,2584,0.010934332,,,
653,ye_rim_s2,https://instagram.com/ye_rim_s2,7,1446,412,11,0.017910069,,,
654,hanna_ilj,https://instagram.com/hanna_ilj,7,2204,4749,60,0.133588281,,,
655,h.__.wonny,https://instagram.com/h.__.wonny,3,1462,0,0,0,,,
656,lhkroyal,https://instagram.com/lhkroyal,12,1475,178,15,0.004673123,,,
657,ysmile_je,https://instagram.com/ysmile_je,2,1108,54,4,0.011217122,,,
658,guruiscute,https://instagram.com/guruiscute,14,1455,821,26,0.017820324,,,
659,aliia.kg,https://instagram.com/aliia.kg,2,1478,391,19,0.059443263,,,
660,luv_yiuyiu,https://instagram.com/luv_yiuyiu,36,1584,3951,333,0.03219697,,,
661,coachglory1004,https://instagram.com/coachglory1004,17,1450,131,8,0.002416691,,,
662,brent.ywshin,https://instagram.com/brent.ywshin,2,1459,211,12,0.032752374,,,
663,solluv_95,https://instagram.com/solluv_95,15,1438,1442,35,0.029346314,,,
664,typhoon_ken,https://instagram.com/typhoon_ken,9,13769,6173,63,0.021566735,,,
665,chosen_sunmin,https://instagram.com/chosen_sunmin,35,1508,4357,161,0.036685974,,,
666,jung27481,https://instagram.com/jung27481,11,1433,479,21,0.013594222,,,
667,sso_______o,https://instagram.com/sso_______o,7,1911,4260,503,0.152596674,,,
668,corgi_gomi,https://instagram.com/corgi_gomi,4,1448,765,128,0.066076361,,,
669,luxurious_.0,https://instagram.com/luxurious_.0,9,1382,1207,70,0.044001103,,,
670,pively___,https://instagram.com/pively___,8,1593,7897,36,0.266781006,,,
671,skygm114,https://instagram.com/skygm114,9,1331,269,16,0.010196415,,,
672,jungah5804,https://instagram.com/jungah5804,10,1372,324,24,0.010870471,,,
673,skygm114,https://instagram.com/skygm114,9,1331,269,16,0.010196415,,,
674,min._.0209,https://instagram.com/min._.0209,5,3889,1012,50,0.023406678,,,
675,0723_su_ji,https://instagram.com/0723_su_ji,12,1446,2615,190,0.069279787,,,
676,jjuny030,https://instagram.com/jjuny030,23,1673,5813,240,0.067417107,,,
677,absolute_mimo,https://instagram.com/absolute_mimo,1,1428,36,2,0.011404562,,,
678,lahee_lovely,https://instagram.com/lahee_lovely,19,1574,1157,159,0.018859092,,,
679,seob.a,https://instagram.com/seob.a,7,2114,2794,95,0.083669608,,,
680,myjulietrose,https://instagram.com/myjulietrose,27,1472,936,78,0.010934265,,,
681,kkwak_life,https://instagram.com/kkwak_life,24,2553,6082,171,0.04373706,,,
682,skcy97,https://instagram.com/skcy97,5,1657,223,11,0.012104492,,,
683,cherish__aromaaa,https://instagram.com/cherish__aromaaa,7,1835,668,50,0.023955958,,,
684,in_7747,https://instagram.com/in_7747,1,1453,83,8,0.026841019,,,
685,da_y00ung,https://instagram.com/da_y00ung,237,2289,27648,1344,0.022903785,,,
686,dorybean,https://instagram.com/dorybean,77,2064,5209,382,0.015076908,,,
687,fm_heejae.shin,https://instagram.com/fm_heejae.shin,13,1663,2100,91,0.043434016,,,
688,sumoo.26,https://instagram.com/sumoo.26,6,3567,1855,285,0.042853138,,,
689,bemi.___,https://instagram.com/bemi.___,5,1524,1208,104,0.073790776,,,
690,narubong,https://instagram.com/narubong,13,4971,373,34,0.002699172,,,
691,kang._.711,https://instagram.com/kang._.711,6,1437,2544,81,0.130480167,,,
692,uxrimi,https://instagram.com/uxrimi,11,1531,1207,68,0.032446326,,,
693,mrs.park_best,https://instagram.com/mrs.park_best,110,2129,5367,1322,0.012240976,,,
694,yunchae0609,https://instagram.com/yunchae0609,12,1488,734,105,0.020137289,,,
695,uknow.cho,https://instagram.com/uknow.cho,12,1664,6355,88,0.138285543,,,
696,bj_camp,https://instagram.com/bj_camp,8,1617,2984,167,0.104393056,,,
697,yj_eunwoo_mom,https://instagram.com/yj_eunwoo_mom,30,2291,1062,236,0.008093783,,,
698,daddy.of.spaceboy,https://instagram.com/daddy.of.spaceboy,17,1762,1598,74,0.023922395,,,
699,shin_zzang__,https://instagram.com/shin_zzang__,1,1459,291,8,0.087829237,,,
700,mimi._.kong,https://instagram.com/mimi._.kong,5,1572,280,19,0.016303162,,,
701,narubong,https://instagram.com/narubong,13,4961,373,34,0.002704612,,,
702,26th._.ray,https://instagram.com/26th._.ray,9,1814,1848,127,0.051845435,,,
703,ning_vely,https://instagram.com/ning_vely,7,12381,2744,70,0.013915331,,,
704,good960,https://instagram.com/good960,1,1829,150,8,0.037022573,,,
705,1201.__.99kimseungheeeee,https://instagram.com/1201.__.99kimseungheeeee,5,1431,876,75,0.056963163,,,
706,solsol.home,https://instagram.com/solsol.home,12,1643,1514,94,0.034953482,,,
707,hyeon5225,https://instagram.com/hyeon5225,4,1543,87,2,0.006179983,,,
708,studio_bobs,https://instagram.com/studio_bobs,3,1876,251,15,0.020255864,,,
709,vitnachu,https://instagram.com/vitnachu,20,1448,2570,14,0.038239937,,,
710,__jamjane,https://instagram.com/__jamjane,23,1987,7910,1714,0.090251229,,,
711,alohaelita,https://instagram.com/alohaelita,22,1450,1556,207,0.023685625,,,
712,sorari.v._.v,https://instagram.com/sorari.v._.v,6,1436,430,40,0.023378432,,,
713,_2ss22,https://instagram.com/_2ss22,22,1716,3809,148,0.044920988,,,
714,dohe_0817,https://instagram.com/dohe_0817,2,3692,485,3,0.028323789,,,
715,nan.seolon2ya,https://instagram.com/nan.seolon2ya,8,3323,1975,75,0.03304888,,,
716,badboriri_,https://instagram.com/badboriri_,22,1545,2219,63,0.028773169,,,
717,dam2_0124,https://instagram.com/dam2_0124,19,1385,203,4,0.003371244,,,
718,hy_nanana,https://instagram.com/hy_nanana,3,1396,299,31,0.033769955,,,
719,diddy_dd_,https://instagram.com/diddy_dd_,1,1488,198,43,0.069412442,,,
720,qowjdals__,https://instagram.com/qowjdals__,235,1340,28577,1366,0.040751713,,,
721,seongmin6131,https://instagram.com/seongmin6131,178,1347,15647,522,0.028901393,,,
722,juncore_,https://instagram.com/juncore_,152,10421,83214,2116,0.023087238,,,
723,llalaen,https://instagram.com/llalaen,50,1630,10809,2685,0.070958808,,,
724,zip_party,https://instagram.com/zip_party,136,1745,39382,1942,0.074626183,,,
725,jihyung0_0,https://instagram.com/jihyung0_0,20,1232,3119,172,0.057241419,,,
726,mc.ssul,https://instagram.com/mc.ssul,37,1535,1921,38,0.014782488,,,
727,yoxna,https://instagram.com/yoxna,7,1444,1376,56,0.060715699,,,
728,1lsancityboy,https://instagram.com/1lsancityboy,18,1638,6709,50,0.098246991,,,
729,limeday_,https://instagram.com/limeday_,21,5830,18094,723,0.06586971,,,
730,chacha_ye_,https://instagram.com/chacha_ye_,68,4345,49903,1235,0.074176828,,,
731,theatermovie,https://instagram.com/theatermovie,41,1444,194,3,0.001426062,,,
732,sso._.free,https://instagram.com/sso._.free,25,1369,1984,160,0.026847543,,,
733,siyun_gram,https://instagram.com/siyun_gram,5,1383,218,9,0.014068795,,,
734,mela_2205_yu_,https://instagram.com/mela_2205_yu_,17,1722,1157,40,0.017524083,,,
735,o2c6t,https://instagram.com/o2c6t,25,2336,15560,1687,0.126568004,,,
736,yeeejji_,https://instagram.com/yeeejji_,26,2590,10753,369,0.070783656,,,
737,khy_is_king,https://instagram.com/khy_is_king,2,1585,320,4,0.043803515,,,
738,_.villanelle_x,https://instagram.com/_.villanelle_x,3,1408,1208,40,0.126623377,,,
739,hong_daeun,https://instagram.com/hong_daeun,7,1599,1188,25,0.046444844,,,
740,omnyomnyomz,https://instagram.com/omnyomnyomz,3,2484,659,293,0.054750403,,,
741,ggo.yongs,https://instagram.com/ggo.yongs,2,1250,109,2,0.019028571,,,
742,do_vely_01,https://instagram.com/do_vely_01,1,1388,78,8,0.026554138,,,
743,idontknowyoubutiwantyou_,https://instagram.com/idontknowyoubutiwantyou_,7,1331,0,0,0,,,
744,k_na_rim,https://instagram.com/k_na_rim,17,2750,4115,28,0.037980138,,,
745,horang_yoga,https://instagram.com/horang_yoga,2,1381,255,16,0.042050274,,,
746,j_yoonida,https://instagram.com/j_yoonida,7,1972,1379,118,0.046477212,,,
747,mayr_woori,https://instagram.com/mayr_woori,19,1585,1281,314,0.022698703,,,
748,yxx._.din,https://instagram.com/yxx._.din,6,1366,1444,56,0.078435474,,,
749,loveeeeyah_,https://instagram.com/loveeeeyah_,3,1487,214,30,0.023441253,,,
750,eunhye3_3,https://instagram.com/eunhye3_3,1,1597,109,6,0.030861437,,,
751,jjy5420,https://instagram.com/jjy5420,25,1604,907,10,0.009800499,,,
752,xx.lovie.xx,https://instagram.com/xx.lovie.xx,8,1355,1430,108,0.060806537,,,
753,jiyeon__d,https://instagram.com/jiyeon__d,10,1375,332,9,0.010628571,,,
754,euinival,https://instagram.com/euinival,2,1268,269,20,0.048839567,,,
755,star_zzang,https://instagram.com/star_zzang,3,1794,349,12,0.028746616,,,
756,rock__dolmang,https://instagram.com/rock__dolmang,3,1500,325,21,0.032952381,,,
757,seryelo_yoon,https://instagram.com/seryelo_yoon,7,1377,1709,55,0.078431373,,,
758,bellbu_,https://instagram.com/bellbu_,10,1455,2418,109,0.07443299,,,
759,hjh.91,https://instagram.com/hjh.91,2,1151,133,9,0.026436639,,,
760,im_seul___,https://instagram.com/im_seul___,3,1309,66,0,0.007202881,,,
761,yul.ru_luv_,https://instagram.com/yul.ru_luv_,9,1518,516,55,0.01791204,,,
762,nar__ae__,https://instagram.com/nar__ae__,1,1331,41,2,0.013845658,,,
763,nawnownow,https://instagram.com/nawnownow,12,1679,1848,44,0.040245044,,,
764,lifeis_marathon,https://instagram.com/lifeis_marathon,3,1536,532,18,0.051153274,,,
765,highyul___,https://instagram.com/highyul___,3,1119,159,10,0.021575386,,,
766,wizhartz,https://instagram.com/wizhartz,9,1435,1455,89,0.051236104,,,
767,jiyoung3571,https://instagram.com/jiyoung3571,33,1677,4435,221,0.036056966,,,
768,m.__light,https://instagram.com/m.__light,11,1520,2062,209,0.058210868,,,
769,h_ong.3,https://instagram.com/h_ong.3,13,1486,3444,332,0.083770872,,,
770,chaewon_jysh,https://instagram.com/chaewon_jysh,15,1356,96,32,0.002697008,,,
771,yevely_jini,https://instagram.com/yevely_jini,4,1406,559,13,0.043588701,,,
772,sunha8481,https://instagram.com/sunha8481,24,1222,113,1,0.001665887,,,
773,nohsoup_,https://instagram.com/nohsoup_,19,1530,989,79,0.015745245,,,
774,18.09.10_w_u,https://instagram.com/18.09.10_w_u,12,2597,1025,95,0.015402387,,,
775,scope42,https://instagram.com/scope42,4,1326,41,2,0.003474467,,,
776,jordan__jelly,https://instagram.com/jordan__jelly,2,1462,396,32,0.06273207,,,
777,daye_hong,https://instagram.com/daye_hong,13,1336,820,88,0.022405738,,,
778,o_velyz,https://instagram.com/o_velyz,1,1413,233,17,0.075826509,,,
779,9.29kg,https://instagram.com/9.29kg,3,2019,170,25,0.013797495,,,
780,___kjjung,https://instagram.com/___kjjung,8,13954,12291,97,0.047559328,,,
781,yenii_iiiya,https://instagram.com/yenii_iiiya,4,1516,1738,39,0.125588956,,,
782,2se0y0ung,https://instagram.com/2se0y0ung,19,1317,257,35,0.005001113,,,
783,eunjikong,https://instagram.com/eunjikong,46,1667,2046,194,0.012519235,,,
784,lovely_doop,https://instagram.com/lovely_doop,7,1617,646,92,0.027942903,,,
785,jin_04_h,https://instagram.com/jin_04_h,6,1493,1317,53,0.065543967,,,
786,belleju_,https://instagram.com/belleju_,6,1348,642,14,0.034760492,,,
787,dolphinonthewave,https://instagram.com/dolphinonthewave,2,1404,247,8,0.038919414,,,
788,walking_yang,https://instagram.com/walking_yang,101,51694,111685,2645,0.009384733,,,
789,bambola__joo,https://instagram.com/bambola__joo,1,1454,244,3,0.072804087,,,
790,u__o.o,https://instagram.com/u__o.o,10,3610,1433,34,0.017415908,,,
791,lovely_ujumom,https://instagram.com/lovely_ujumom,3,1807,180,0,0.014230374,,,
792,leeha._.land,https://instagram.com/leeha._.land,1,1310,104,28,0.043184297,,,
793,su._.ni_,https://instagram.com/su._.ni_,14,2384,5101,71,0.066412135,,,
794,prommjudy_,https://instagram.com/prommjudy_,3,1359,428,17,0.046778093,,,
795,_seungwoo0301,https://instagram.com/_seungwoo0301,3,1359,393,9,0.042257963,,,
796,2.7._.by,https://instagram.com/2.7._.by,9,1436,366,12,0.012534819,,,
797,m_seo_12,https://instagram.com/m_seo_12,1,138,49,1,0.155279503,,,
798,hoyongpk,https://instagram.com/hoyongpk,10,1677,1078,78,0.02954255,,,
799,sally_s_lee,https://instagram.com/sally_s_lee,26,1299,1011,56,0.013539578,,,
800,hoohoo_studio,https://instagram.com/hoohoo_studio,16,1420,743,81,0.01554326,,,
801,yunajung1206,https://instagram.com/yunajung1206,6,1390,255,9,0.01356629,,,
802,wowamywow,https://instagram.com/wowamywow,14,1528,702,12,0.014304413,,,
803,jagda85,https://instagram.com/jagda85,26,2544,3487,629,0.026669086,,,
804,gawonp,https://instagram.com/gawonp,1,1271,63,0,0.021243116,,,
805,ddomomom,https://instagram.com/ddomomom,13,1314,289,18,0.007702343,,,
806,good_foodwg,https://instagram.com/good_foodwg,3,4410,2913,363,0.106122449,,,
807,yunajung1206,https://instagram.com/yunajung1206,6,1390,255,9,0.01356629,,,
808,withyerin,https://instagram.com/withyerin,13,3918,5584,81,0.047666728,,,
809,tip_easy,https://instagram.com/tip_easy,9,1354,1173,310,0.05215587,,,
810,bonghee7979,https://instagram.com/bonghee7979,47,2737,6056,316,0.021228843,,,
811,hye_l_i_m,https://instagram.com/hye_l_i_m,17,1335,967,39,0.018997262,,,
812,jumping_kelly,https://instagram.com/jumping_kelly,36,1407,1994,67,0.017438319,,,
813,matbeol2,https://instagram.com/matbeol2,28,2102,7811,603,0.06126818,,,
814,founder_jin,https://instagram.com/founder_jin,7,1343,196,6,0.009208747,,,
815,bishop_blog,https://instagram.com/bishop_blog,24,1428,1305,45,0.016881753,,,
816,havely925,https://instagram.com/havely925,1,1347,68,3,0.022589882,,,
817,_brightravel,https://instagram.com/_brightravel,7,1646,1110,159,0.047201627,,,
818,je_ai_u,https://instagram.com/je_ai_u,41,1871,4083,192,0.023883705,,,
819,mi___jini,https://instagram.com/mi___jini,1,2306,446,16,0.085862966,,,
820,woovely_home,https://instagram.com/woovely_home,25,2748,5960,898,0.042782283,,,
821,_ddeliii__,https://instagram.com/_ddeliii__,1,1293,94,5,0.032814054,,,
822,actorjiwon,https://instagram.com/actorjiwon,3,1526,303,30,0.031173937,,,
823,_.roml._,https://instagram.com/_.roml._,8,1311,228,35,0.010746976,,,
824,myjin_life,https://instagram.com/myjin_life,19,1394,280,8,0.004660144,,,
825,cokingsat7,https://instagram.com/cokingsat7,9,1347,660,42,0.024817054,,,
826,star_in_j,https://instagram.com/star_in_j,15,1315,524,14,0.011689299,,,
827,hwxrxng,https://instagram.com/hwxrxng,5,2259,3318,58,0.128097135,,,
828,ha_longpooh,https://instagram.com/ha_longpooh,11,1253,583,21,0.0187809,,,
829,seyul_323,https://instagram.com/seyul_323,19,1441,3223,111,0.052188069,,,
830,null_e,https://instagram.com/null_e,3,1330,0,0,0,,,
831,by_twentydays,https://instagram.com/by_twentydays,7,1386,1018,39,0.046691404,,,
832,jjo_hy_,https://instagram.com/jjo_hy_,1,789,78,3,0.043997827,,,
833,sss_inheheh,https://instagram.com/sss_inheheh,5,1321,193,24,0.014080242,,,
834,hotppinku,https://instagram.com/hotppinku,3,1222,121,8,0.015080664,,,
